,sales,sales_normalized
count,100.0,100.0
mean,502.9794,1.3322676295501878e-17
std,260.11500796246486,0.9999999999999998
min,103.11,-1.5372792332601661
25%,291.5375,-0.8128785096110698
50%,484.11,-0.07254252704527879
75%,706.8775,0.783876722828015
max,990.43,1.873981066368689
